C,accuracy,fnr
1e-05,0.8867444973096512,0.029391891891891897
1.11112,0.9904743923832784,0.013851351351351352
2.22223,0.990598097349898,0.013851351351351352
3.33334,0.9903506682880108,0.013851351351351352
4.44445,0.990288806240377,0.013851351351351352
5.55556,0.9903506300307148,0.013626126126126126
6.66667,0.9903506109020668,0.013513513513513514
7.77778,0.990288767983081,0.013626126126126126
8.88889,0.990288767983081,0.01373873873873874
10.0,0.990288767983081,0.01373873873873874
